laureat_amoa; entreprises
Data Science Student at University of Rouen Innovation And AMOA Engineer from INPT Morocco , 
Software Engineer intern chez SII SERVICES MAROC , 
Ing√©nieur d'√âtude et de D√©veloppement , 
Ing√©nieur synth√®se calibrations chez Emitech engineering Africa , 
Innovation and AMOA Engineering Student - INPT , 
Software engineer intern at Avanade , 
Innovation And AMOA Engineering Student at INPT , 
INNOVATION & AMOA Engineering Student / Institut National des Postes et T√©l√©communications , 
Junior Data Engineer Consultant at @Deloitte , 
DevOps @ Z√ºhlke Group | ‚òÅ 2x AWS Certified ‚òÅSolutions Architect Associate‚òÅ Cloud Practitioner , 
Digital Design Engineer , 
Ing√©nieur infrastructure IoT at Agroconcept , 
IN/OCS Engineer chez Huawei , 
Artificial intelligence | Machine Learning | NLP , 
Embedded Systems and Digital Services Engineerüéì - Future graduate in Master M2 Electronics and Connected Objects (CEO) üì± , 
Senior Network Security Engineer , 
Computer vision enthousiast , 
Ing√©nierie radio chez LD Expertise , 
Ing√©nieur syst√®mes embarqu√©s | PIAmot , 
Ing√©nieur Soutien chez Maroc Telecom , 
Ing√©nieur QoS Radio Mobile |Optimisation Radio , 
Professeur assistant chez Facult√© des sciences de Rabat , 
Data analyst & artificial intelligence intern @Orange Business Services , 
Consultant & Engineer chez Capgemini , 
AMOA - Business Analyst , 
Ing√©nieur en syst√®mes √©lectroniques embarqu√©s. , 
2G/3G/LTE+ RF Planing & Optimization , 
Data Analyst , 
